experiment,config,run,concurrency,ttft_ms,total_ms,status_code,target,error
exp2,BASELINE,1,1,308.34,308.37,200,d1,
exp2,BASELINE,2,1,306.25,306.28,200,d1,
exp2,BASELINE,3,1,306.62,306.65,200,d1,
exp2,BASELINE,4,1,304.96,304.99,200,d1,
exp2,BASELINE,5,1,309.03,309.06,200,d1,
exp2,BASELINE,6,1,306.4,306.43,200,d1,
exp2,BASELINE,7,1,307.46,307.49,200,d1,
exp2,BASELINE,8,1,311.35,311.38,200,d1,
exp2,BASELINE,9,1,313.51,313.54,200,d1,
exp2,BASELINE,10,1,306.52,306.54,200,d1,
exp2,BASELINE,11,1,309.27,309.29,200,d1,
exp2,BASELINE,12,1,311.29,311.31,200,d1,
exp2,BASELINE,13,1,308.16,308.19,200,d1,
exp2,BASELINE,14,1,311.65,311.68,200,d1,
exp2,BASELINE,15,1,307.27,307.3,200,d1,
exp2,BASELINE,16,1,312.36,312.38,200,d1,
exp2,BASELINE,17,1,311.21,311.23,200,d1,
exp2,BASELINE,18,1,310.0,310.02,200,d1,
exp2,BASELINE,19,1,312.49,312.52,200,d1,
exp2,BASELINE,20,1,311.49,311.51,200,d1,
exp2,DISAGG-1D,1,1,73.01,73.04,200,d1,
exp2,DISAGG-1D,2,1,371.51,371.55,200,d1,
exp2,DISAGG-1D,3,1,379.71,379.74,200,d1,
exp2,DISAGG-1D,4,1,385.5,385.54,200,d1,
exp2,DISAGG-1D,5,1,387.09,387.14,200,d1,
exp2,DISAGG-1D,6,1,390.81,390.86,200,d1,
exp2,DISAGG-1D,7,1,78.76,78.79,200,d1,
exp2,DISAGG-1D,8,1,384.48,384.54,200,d1,
exp2,DISAGG-1D,9,1,385.69,385.74,200,d1,
exp2,DISAGG-1D,10,1,389.46,389.5,200,d1,
exp2,DISAGG-1D,11,1,387.13,387.18,200,d1,
exp2,DISAGG-1D,12,1,390.26,390.32,200,d1,
exp2,DISAGG-1D,13,1,395.31,395.37,200,d1,
exp2,DISAGG-1D,14,1,385.78,385.83,200,d1,
exp2,DISAGG-1D,15,1,388.87,388.92,200,d1,
exp2,DISAGG-1D,16,1,388.95,389.0,200,d1,
exp2,DISAGG-1D,17,1,389.51,389.56,200,d1,
exp2,DISAGG-1D,18,1,390.51,390.56,200,d1,
exp2,DISAGG-1D,19,1,395.68,395.74,200,d1,
exp2,DISAGG-1D,20,1,393.8,393.86,200,d1,
exp2,DISAGG-2D,1,1,390.29,390.36,200,d1,
exp2,DISAGG-2D,2,1,358.62,358.67,200,d2,
exp2,DISAGG-2D,3,1,391.39,391.44,200,d1,
exp2,DISAGG-2D,4,1,357.19,357.24,200,d2,
exp2,DISAGG-2D,5,1,334.3,334.34,200,d1,
exp2,DISAGG-2D,6,1,361.13,361.18,200,d2,
exp2,DISAGG-2D,7,1,398.12,398.17,200,d1,
exp2,DISAGG-2D,8,1,359.42,359.46,200,d2,
exp2,DISAGG-2D,9,1,336.74,336.8,200,d1,
exp2,DISAGG-2D,10,1,359.44,359.48,200,d2,
exp2,DISAGG-2D,11,1,386.9,386.95,200,d1,
exp2,DISAGG-2D,12,1,359.91,359.95,200,d2,
exp2,DISAGG-2D,13,1,398.86,398.91,200,d1,
exp2,DISAGG-2D,14,1,310.0,310.05,200,d2,
exp2,DISAGG-2D,15,1,120.19,120.23,200,d1,
exp2,DISAGG-2D,16,1,358.31,358.37,200,d2,
exp2,DISAGG-2D,17,1,390.19,390.24,200,d1,
exp2,DISAGG-2D,18,1,359.34,359.39,200,d2,
exp2,DISAGG-2D,19,1,378.77,378.83,200,d1,
exp2,DISAGG-2D,20,1,362.54,362.59,200,d2,
exp2,BASELINE,1,2,314.73,314.76,200,d1,
exp2,BASELINE,2,2,334.33,334.38,200,d1,
exp2,BASELINE,3,2,324.82,324.85,200,d1,
exp2,BASELINE,4,2,333.87,333.91,200,d1,
exp2,BASELINE,5,2,325.27,325.3,200,d1,
exp2,BASELINE,6,2,334.29,334.34,200,d1,
exp2,BASELINE,7,2,324.31,324.34,200,d1,
exp2,BASELINE,8,2,333.36,333.41,200,d1,
exp2,BASELINE,9,2,324.84,324.87,200,d1,
exp2,BASELINE,10,2,333.76,333.8,200,d1,
exp2,BASELINE,11,2,323.58,323.61,200,d1,
exp2,BASELINE,12,2,332.71,332.75,200,d1,
exp2,BASELINE,13,2,324.2,324.23,200,d1,
exp2,BASELINE,14,2,333.23,333.28,200,d1,
exp2,BASELINE,15,2,323.57,323.59,200,d1,
exp2,BASELINE,16,2,332.56,332.6,200,d1,
exp2,BASELINE,17,2,324.5,324.54,200,d1,
exp2,BASELINE,18,2,333.87,333.91,200,d1,
exp2,BASELINE,19,2,325.03,325.06,200,d1,
exp2,BASELINE,20,2,334.21,334.25,200,d1,
exp2,DISAGG-1D,1,2,550.89,550.92,200,d1,
exp2,DISAGG-1D,2,2,569.43,569.48,200,d1,
exp2,DISAGG-1D,3,2,398.39,398.42,200,d1,
exp2,DISAGG-1D,4,2,416.92,416.95,200,d1,
exp2,DISAGG-1D,5,2,516.07,516.11,200,d1,
exp2,DISAGG-1D,6,2,467.75,467.78,200,d1,
exp2,DISAGG-1D,7,2,584.63,584.68,200,d1,
exp2,DISAGG-1D,8,2,357.84,357.88,200,d1,
exp2,DISAGG-1D,9,2,470.39,470.42,200,d1,
exp2,DISAGG-1D,10,2,508.52,508.57,200,d1,
exp2,DISAGG-1D,11,2,502.98,503.02,200,d1,
exp2,DISAGG-1D,12,2,433.75,433.78,200,d1,
exp2,DISAGG-1D,13,2,497.5,497.54,200,d1,
exp2,DISAGG-1D,14,2,448.7,448.73,200,d1,
exp2,DISAGG-1D,15,2,466.67,466.69,200,d1,
exp2,DISAGG-1D,16,2,514.06,514.1,200,d1,
exp2,DISAGG-1D,17,2,432.3,432.33,200,d1,
exp2,DISAGG-1D,18,2,480.42,480.47,200,d1,
exp2,DISAGG-1D,19,2,443.48,443.52,200,d1,
exp2,DISAGG-1D,20,2,491.6,491.65,200,d1,
exp2,DISAGG-2D,1,2,473.63,473.69,200,d1,
exp2,DISAGG-2D,2,2,164.91,164.94,200,d2,
exp2,DISAGG-2D,3,2,483.1,483.14,200,d1,
exp2,DISAGG-2D,4,2,465.09,465.11,200,d2,
exp2,DISAGG-2D,5,2,431.08,431.11,200,d1,
exp2,DISAGG-2D,6,2,406.09,406.11,200,d2,
exp2,DISAGG-2D,7,2,417.75,417.79,200,d1,
exp2,DISAGG-2D,8,2,374.68,374.71,200,d2,
exp2,DISAGG-2D,9,2,565.55,565.6,200,d1,
exp2,DISAGG-2D,10,2,516.14,516.17,200,d2,
exp2,DISAGG-2D,11,2,517.04,517.1,200,d1,
exp2,DISAGG-2D,12,2,468.89,468.91,200,d2,
exp2,DISAGG-2D,13,2,162.52,162.54,200,d1,
exp2,DISAGG-2D,14,2,453.68,453.72,200,d2,
exp2,DISAGG-2D,15,2,418.85,418.9,200,d1,
exp2,DISAGG-2D,16,2,386.71,386.74,200,d2,
exp2,DISAGG-2D,17,2,498.76,498.8,200,d1,
exp2,DISAGG-2D,18,2,474.88,474.9,200,d2,
exp2,DISAGG-2D,19,2,399.57,399.61,200,d1,
exp2,DISAGG-2D,20,2,383.74,383.77,200,d2,
exp2,BASELINE,1,4,332.58,332.61,200,d1,
exp2,BASELINE,2,4,344.01,344.03,200,d1,
exp2,BASELINE,3,4,343.79,343.84,200,d1,
exp2,BASELINE,4,4,342.88,342.9,200,d1,
exp2,BASELINE,5,4,331.99,332.02,200,d1,
exp2,BASELINE,6,4,343.37,343.39,200,d1,
exp2,BASELINE,7,4,342.76,342.78,200,d1,
exp2,BASELINE,8,4,342.9,342.94,200,d1,
exp2,BASELINE,9,4,331.57,331.6,200,d1,
exp2,BASELINE,10,4,342.28,342.33,200,d1,
exp2,BASELINE,11,4,341.61,341.63,200,d1,
exp2,BASELINE,12,4,213.65,213.68,200,d1,
exp2,BASELINE,13,4,332.49,332.52,200,d1,
exp2,BASELINE,14,4,343.63,343.65,200,d1,
exp2,BASELINE,15,4,343.49,343.52,200,d1,
exp2,BASELINE,16,4,343.35,343.4,200,d1,
exp2,BASELINE,17,4,331.48,331.51,200,d1,
exp2,BASELINE,18,4,342.53,342.55,200,d1,
exp2,BASELINE,19,4,342.39,342.4,200,d1,
exp2,BASELINE,20,4,342.35,342.4,200,d1,
exp2,DISAGG-1D,1,4,1300.15,1300.17,200,d1,
exp2,DISAGG-1D,2,4,1245.54,1245.57,200,d1,
exp2,DISAGG-1D,3,4,1302.47,1302.5,200,d1,
exp2,DISAGG-1D,4,4,1299.42,1299.45,200,d1,
exp2,DISAGG-1D,5,4,1161.0,1161.02,200,d1,
exp2,DISAGG-1D,6,4,1106.88,1106.91,200,d1,
exp2,DISAGG-1D,7,4,1179.38,1179.42,200,d1,
exp2,DISAGG-1D,8,4,1160.55,1160.57,200,d1,
exp2,DISAGG-1D,9,4,1204.24,1204.28,200,d1,
exp2,DISAGG-1D,10,4,1181.86,1181.89,200,d1,
exp2,DISAGG-1D,11,4,1203.39,1203.42,200,d1,
exp2,DISAGG-1D,12,4,1149.1,1149.13,200,d1,
exp2,DISAGG-1D,13,4,842.05,842.08,200,d1,
exp2,DISAGG-1D,14,4,968.74,968.8,200,d1,
exp2,DISAGG-1D,15,4,959.04,959.06,200,d1,
exp2,DISAGG-1D,16,4,894.93,894.96,200,d1,
exp2,DISAGG-1D,17,4,1214.75,1214.77,200,d1,
exp2,DISAGG-1D,18,4,1160.29,1160.31,200,d1,
exp2,DISAGG-1D,19,4,1232.97,1233.01,200,d1,
exp2,DISAGG-1D,20,4,1214.11,1214.13,200,d1,
exp2,DISAGG-2D,1,4,1138.63,1138.65,200,d1,
exp2,DISAGG-2D,2,4,1142.56,1142.58,200,d2,
exp2,DISAGG-2D,3,4,1186.42,1186.44,200,d1,
exp2,DISAGG-2D,4,4,1247.95,1248.01,200,d2,
exp2,DISAGG-2D,5,4,1079.34,1079.36,200,d1,
exp2,DISAGG-2D,6,4,1132.48,1132.52,200,d2,
exp2,DISAGG-2D,7,4,1127.08,1127.1,200,d1,
exp2,DISAGG-2D,8,4,1084.77,1084.79,200,d2,
exp2,DISAGG-2D,9,4,1160.22,1160.24,200,d1,
exp2,DISAGG-2D,10,4,1176.69,1176.73,200,d2,
exp2,DISAGG-2D,11,4,1159.33,1159.35,200,d1,
exp2,DISAGG-2D,12,4,1138.64,1138.66,200,d2,
exp2,DISAGG-2D,13,4,1264.92,1264.94,200,d1,
exp2,DISAGG-2D,14,4,1261.41,1261.43,200,d2,
exp2,DISAGG-2D,15,4,1263.96,1263.98,200,d1,
exp2,DISAGG-2D,16,4,1308.1,1308.15,200,d2,
exp2,DISAGG-2D,17,4,1143.73,1143.76,200,d1,
exp2,DISAGG-2D,18,4,1198.13,1198.18,200,d2,
exp2,DISAGG-2D,19,4,1191.34,1191.36,200,d1,
exp2,DISAGG-2D,20,4,1150.12,1150.14,200,d2,
exp2,BASELINE,1,8,224.1,224.13,200,d1,
exp2,BASELINE,2,8,342.28,342.3,200,d1,
exp2,BASELINE,3,8,355.31,355.33,200,d1,
exp2,BASELINE,4,8,354.68,354.71,200,d1,
exp2,BASELINE,5,8,353.92,353.94,200,d1,
exp2,BASELINE,6,8,354.51,354.56,200,d1,
exp2,BASELINE,7,8,354.37,354.41,200,d1,
exp2,BASELINE,8,8,353.31,353.33,200,d1,
exp2,BASELINE,9,8,340.94,340.96,200,d1,
exp2,BASELINE,10,8,167.65,167.68,200,d1,
exp2,BASELINE,11,8,353.31,353.33,200,d1,
exp2,BASELINE,12,8,353.63,353.67,200,d1,
exp2,BASELINE,13,8,177.19,177.21,200,d1,
exp2,BASELINE,14,8,352.67,352.69,200,d1,
exp2,BASELINE,15,8,351.85,351.87,200,d1,
exp2,BASELINE,16,8,351.01,351.05,200,d1,
exp2,BASELINE,17,8,331.9,331.93,200,d1,
exp2,BASELINE,18,8,343.18,343.2,200,d1,
exp2,BASELINE,19,8,342.64,342.66,200,d1,
exp2,BASELINE,20,8,342.84,342.89,200,d1,
exp2,DISAGG-1D,1,8,4225.9,4225.95,200,d1,
exp2,DISAGG-1D,2,8,4056.65,4056.69,200,d1,
exp2,DISAGG-1D,3,8,4225.11,4225.13,200,d1,
exp2,DISAGG-1D,4,8,4221.46,4221.5,200,d1,
exp2,DISAGG-1D,5,8,4121.65,4121.69,200,d1,
exp2,DISAGG-1D,6,8,4220.15,4220.17,200,d1,
exp2,DISAGG-1D,7,8,4196.74,4196.76,200,d1,
exp2,DISAGG-1D,8,8,4185.38,4185.41,200,d1,
exp2,DISAGG-1D,9,8,4314.13,4314.15,200,d1,
exp2,DISAGG-1D,10,8,4311.05,4311.08,200,d1,
exp2,DISAGG-1D,11,8,4286.97,4286.99,200,d1,
exp2,DISAGG-1D,12,8,4321.02,4321.12,200,d1,
exp2,DISAGG-1D,13,8,4309.52,4309.57,200,d1,
exp2,DISAGG-1D,14,8,4208.9,4208.94,200,d1,
exp2,DISAGG-1D,15,8,4274.34,4274.37,200,d1,
exp2,DISAGG-1D,16,8,4311.7,4311.72,200,d1,
exp2,DISAGG-1D,17,8,1211.5,1211.52,200,d1,
exp2,DISAGG-1D,18,8,1157.16,1157.19,200,d1,
exp2,DISAGG-1D,19,8,1229.36,1229.4,200,d1,
exp2,DISAGG-1D,20,8,1210.1,1210.13,200,d1,
exp2,DISAGG-2D,1,8,4045.88,4045.91,200,d1,
exp2,DISAGG-2D,2,8,4220.48,4220.53,200,d2,
exp2,DISAGG-2D,3,8,4184.14,4184.16,200,d1,
exp2,DISAGG-2D,4,8,4199.09,4199.11,200,d2,
exp2,DISAGG-2D,5,8,4193.72,4193.74,200,d1,
exp2,DISAGG-2D,6,8,4177.22,4177.25,200,d2,
exp2,DISAGG-2D,7,8,4211.96,4211.98,200,d1,
exp2,DISAGG-2D,8,8,4236.8,4236.84,200,d2,
exp2,DISAGG-2D,9,8,4143.12,4143.18,200,d1,
exp2,DISAGG-2D,10,8,4008.76,4008.79,200,d2,
exp2,DISAGG-2D,11,8,4131.82,4131.85,200,d1,
exp2,DISAGG-2D,12,8,4060.66,4060.68,200,d2,
exp2,DISAGG-2D,13,8,4034.59,4034.62,200,d1,
exp2,DISAGG-2D,14,8,4068.86,4068.89,200,d2,
exp2,DISAGG-2D,15,8,4143.71,4143.77,200,d1,
exp2,DISAGG-2D,16,8,4048.21,4048.23,200,d2,
exp2,DISAGG-2D,17,8,972.01,972.04,200,d1,
exp2,DISAGG-2D,18,8,1127.77,1127.79,200,d2,
exp2,DISAGG-2D,19,8,1161.07,1161.12,200,d1,
exp2,DISAGG-2D,20,8,1126.85,1126.88,200,d2,
exp2,BASELINE,1,16,302.59,302.63,200,d1,
exp2,BASELINE,2,16,370.17,370.19,200,d1,
exp2,BASELINE,3,16,370.25,370.27,200,d1,
exp2,BASELINE,4,16,370.07,370.09,200,d1,
exp2,BASELINE,5,16,369.91,369.96,200,d1,
exp2,BASELINE,6,16,368.14,368.16,200,d1,
exp2,BASELINE,7,16,368.23,368.25,200,d1,
exp2,BASELINE,8,16,368.64,368.66,200,d1,
exp2,BASELINE,9,16,377.79,377.81,200,d1,
exp2,BASELINE,10,16,377.94,377.96,200,d1,
exp2,BASELINE,11,16,377.82,377.84,200,d1,
exp2,BASELINE,12,16,376.67,376.69,200,d1,
exp2,BASELINE,13,16,376.44,376.46,200,d1,
exp2,BASELINE,14,16,377.08,377.12,200,d1,
exp2,BASELINE,15,16,328.32,328.35,200,d1,
exp2,BASELINE,16,16,373.9,373.94,200,d1,
exp2,BASELINE,17,16,330.6,330.63,200,d1,
exp2,BASELINE,18,16,342.18,342.22,200,d1,
exp2,BASELINE,19,16,341.26,341.28,200,d1,
exp2,BASELINE,20,16,341.11,341.13,200,d1,
exp2,DISAGG-1D,1,16,15644.58,15644.61,200,d1,
exp2,DISAGG-1D,2,16,14373.38,14373.41,200,d1,
exp2,DISAGG-1D,3,16,15890.35,15890.39,200,d1,
exp2,DISAGG-1D,4,16,15868.7,15868.72,200,d1,
exp2,DISAGG-1D,5,16,15875.83,15875.85,200,d1,
exp2,DISAGG-1D,6,16,15830.92,15830.95,200,d1,
exp2,DISAGG-1D,7,16,15863.56,15863.58,200,d1,
exp2,DISAGG-1D,8,16,15874.38,15874.4,200,d1,
exp2,DISAGG-1D,9,16,15874.43,15874.46,200,d1,
exp2,DISAGG-1D,10,16,15874.41,15874.46,200,d1,
exp2,DISAGG-1D,11,16,15862.37,15862.38,200,d1,
exp2,DISAGG-1D,12,16,15862.3,15862.32,200,d1,
exp2,DISAGG-1D,13,16,15081.5,15081.58,200,d1,
exp2,DISAGG-1D,14,16,15828.39,15828.41,200,d1,
exp2,DISAGG-1D,15,16,15782.56,15782.6,200,d1,
exp2,DISAGG-1D,16,16,15826.65,15826.68,200,d1,
exp2,DISAGG-1D,17,16,1058.79,1058.82,200,d1,
exp2,DISAGG-1D,18,16,1111.56,1111.58,200,d1,
exp2,DISAGG-1D,19,16,952.24,952.28,200,d1,
exp2,DISAGG-1D,20,16,1111.42,1111.48,200,d1,
exp2,DISAGG-2D,1,16,11490.84,11490.87,200,d1,
exp2,DISAGG-2D,2,16,12164.02,12164.05,200,d2,
exp2,DISAGG-2D,3,16,12027.8,12027.83,200,d1,
exp2,DISAGG-2D,4,16,11798.93,11798.96,200,d2,
exp2,DISAGG-2D,5,16,12300.95,12300.97,200,d1,
exp2,DISAGG-2D,6,16,12226.84,12226.87,200,d2,
exp2,DISAGG-2D,7,16,11815.34,11815.36,200,d1,
exp2,DISAGG-2D,8,16,12033.5,12033.52,200,d2,
exp2,DISAGG-2D,9,16,12025.5,12025.52,200,d1,
exp2,DISAGG-2D,10,16,12342.51,12342.53,200,d2,
exp2,DISAGG-2D,11,16,12035.25,12035.28,200,d1,
exp2,DISAGG-2D,12,16,12341.21,12341.23,200,d2,
exp2,DISAGG-2D,13,16,12151.12,12151.15,200,d1,
exp2,DISAGG-2D,14,16,12343.44,12343.51,200,d2,
exp2,DISAGG-2D,15,16,12324.86,12324.88,200,d1,
exp2,DISAGG-2D,16,16,12340.11,12340.18,200,d2,
exp2,DISAGG-2D,17,16,907.97,908.0,200,d1,
exp2,DISAGG-2D,18,16,933.77,933.82,200,d2,
exp2,DISAGG-2D,19,16,907.1,907.12,200,d1,
exp2,DISAGG-2D,20,16,886.35,886.38,200,d2,
